{"_timestamp":1.7538481518972793e+09,"_runtime":372,"total_flos":2.198926000128e+13,"train_steps_per_second":0.033,"_step":3,"train_runtime":303.1005,"train_samples_per_second":0.528,"train/learning_rate":1.5076844803522922e-06,"train/global_step":10,"train/loss":3.2142,"_wandb":{"runtime":372},"train_loss":0.6428321361541748,"total_tokens_seen":10240,"train/epoch":1,"train/grad_norm":21.47128677368164}